LoanID,CustomerID,LoanAmount,LoanInterestRate,LoanDuration,LoanStartDate,OfficerID
1,88,6723.11,8.24,24 months,2022-09-24,7
2,434,27375.26,4.35,36 months,2023-10-04,31
3,64,30519.88,4.1,48 months,2022-12-22,35
4,430,38167.5,8.14,36 months,2020-05-01,10
5,57,11355.12,4.16,48 months,2020-01-23,1
6,496,16920.72,7.56,12 months,2021-11-03,28
7,180,30032.34,9.18,12 months,2022-01-27,2
8,44,25035.36,8.64,48 months,2020-07-18,39
9,419,20132.06,9.71,24 months,2021-11-29,20
10,413,5439.26,6.83,60 months,2020-12-27,2
11,281,22296.55,7.48,60 months,2020-05-09,40
12,46,36371.49,3.74,36 months,2023-06-06,45
13,168,2280.84,4.05,60 months,2020-05-13,28
14,442,46492.7,5.72,12 months,2024-02-17,39
15,53,22657.97,4.74,12 months,2020-11-04,24
16,464,44204.7,6.5,60 months,2019-12-03,20
17,282,20667.7,6.17,24 months,2022-10-22,14
18,381,47011.65,9.45,24 months,2024-04-01,11
19,42,27468.71,4.78,24 months,2023-06-29,40
20,229,3073.71,8.19,60 months,2020-03-01,28
21,498,13664.23,4.04,12 months,2022-06-27,48
22,157,19970.01,8.67,60 months,2021-10-19,8
23,167,12185.81,10.21,12 months,2022-09-22,18
24,51,16489.77,4.82,36 months,2019-11-08,37
25,198,21803.31,7.79,24 months,2020-07-14,24
26,216,38963.26,8.32,48 months,2019-10-17,50
27,41,25735.71,10.42,36 months,2023-12-07,39
28,252,27668.69,5.84,24 months,2021-10-22,7
29,423,30718.74,11.61,60 months,2022-07-25,32
30,175,28042.43,11.2,60 months,2024-03-05,4
31,335,39031.44,3.38,12 months,2024-08-24,22
32,12,42333.16,9.18,60 months,2022-04-08,50
33,492,20544.87,7.92,36 months,2020-03-28,8
34,153,6997.47,8.09,48 months,2022-12-06,47
35,376,43499.4,3.83,24 months,2023-10-21,31
36,146,22123.68,9.71,48 months,2024-02-07,39
37,183,46115.92,9.27,12 months,2020-01-22,23
38,283,48134.09,4.79,12 months,2023-01-26,44
39,146,22319.49,6.06,36 months,2021-02-07,39
40,102,13122.9,5.05,48 months,2021-03-06,37
41,406,44389.8,8.42,48 months,2021-05-31,10
42,186,4621.55,5.25,60 months,2024-06-03,36
43,151,43827.83,10.64,60 months,2024-09-19,18
44,57,37111.05,4.86,60 months,2023-12-27,12
45,414,38279.17,11.72,12 months,2020-11-27,33
46,231,37539.14,7.82,12 months,2021-05-04,26
47,98,11445.92,9.13,12 months,2021-02-28,4
48,483,21117.91,7.7,12 months,2024-08-14,39
49,235,27350.12,8.02,24 months,2020-12-22,29
50,158,39152.38,9.27,24 months,2020-01-17,40
51,224,34761.89,4.64,48 months,2021-12-21,46
52,240,31593.83,7.3,36 months,2023-04-28,47
53,63,14233.82,11.05,48 months,2019-11-14,1
54,94,41107.83,7.65,48 months,2022-04-17,48
55,257,49536.17,11.48,12 months,2019-12-14,23
56,63,46047.44,5.08,36 months,2020-11-19,25
57,316,13529.76,11.2,60 months,2024-05-04,15
58,36,9601.24,9.67,36 months,2024-02-09,44
59,332,4077.06,3.87,60 months,2022-12-04,40
60,174,16315.16,5.68,36 months,2023-06-08,15
61,73,20647.84,6.78,36 months,2020-06-26,40
62,264,15994.95,8.67,60 months,2019-12-11,4
63,485,21297.09,4.94,12 months,2020-03-05,33
64,289,40064.96,3.8,48 months,2023-12-10,3
65,27,16150.74,5.83,60 months,2020-07-07,29
66,405,42898.35,4.09,36 months,2022-12-21,13
67,142,37686.24,11.27,24 months,2022-12-06,20
68,271,46998.7,3.46,12 months,2021-07-19,21
69,146,9626.42,5.93,24 months,2024-02-19,8
70,61,35834.83,9.5,24 months,2023-01-08,4
71,359,32428.16,6.37,24 months,2020-06-21,28
72,221,45245.77,11.73,24 months,2019-12-03,37
73,133,12652.85,3.71,36 months,2022-06-11,33
74,423,23603.02,11.4,12 months,2020-06-07,19
75,488,49609.92,3.7,24 months,2022-06-10,25
76,205,5788.72,9.72,48 months,2020-01-07,4
77,40,41047.13,10.82,48 months,2021-02-20,37
78,456,30059.31,7.16,24 months,2020-12-18,6
79,371,10638.69,9.17,60 months,2023-09-21,30
80,492,23809.58,9.14,36 months,2022-11-22,13
81,482,27716.44,4.39,12 months,2024-02-04,37
82,367,2028.15,4.26,60 months,2020-01-10,20
83,207,20215.32,6.32,48 months,2021-01-17,14
84,366,3516.84,9.13,60 months,2023-07-13,49
85,373,20921.02,8.85,24 months,2020-03-17,29
86,433,11119.13,3.19,36 months,2020-02-29,23
87,175,41236.86,6.72,60 months,2021-06-06,22
88,37,48608.81,9.23,48 months,2024-02-15,15
89,281,5088.79,3.24,24 months,2022-10-19,16
90,58,1748.21,10.24,36 months,2023-03-18,9
91,37,37749.69,6.43,48 months,2021-03-19,5
92,262,14652.16,9.23,12 months,2021-10-15,35
93,51,43300.52,3.32,24 months,2021-12-19,10
94,496,35584.36,8.67,48 months,2020-01-11,9
95,458,44567.74,6.9,24 months,2020-10-05,12
96,51,41088.04,8.3,12 months,2023-06-23,15
97,13,41831.85,9.36,48 months,2021-05-27,42
98,47,27053.42,3.76,12 months,2024-01-21,1
99,279,46527.14,10.07,48 months,2020-07-21,38
100,358,4284.74,9.36,36 months,2022-06-27,11
101,137,48901.75,4.79,60 months,2020-08-24,15
102,323,16118.59,8.29,12 months,2021-08-23,45
103,177,34835.22,4.98,60 months,2020-02-02,41
104,400,4249.73,4.19,12 months,2021-08-28,50
105,278,6444.76,7.41,24 months,2022-09-14,37
106,42,41739.6,7.43,24 months,2022-10-31,19
107,284,28590.59,3.71,60 months,2021-10-01,31
108,87,21856.26,11.83,60 months,2023-05-06,5
109,181,33053.48,7.52,24 months,2022-08-28,15
110,103,6122.86,7.13,24 months,2022-02-24,8
111,169,8293.06,11.81,12 months,2023-03-07,18
112,87,38775.15,10.2,48 months,2021-04-07,24
113,129,11879.23,6.94,36 months,2023-04-26,7
114,294,35986.84,8.76,12 months,2020-12-05,44
115,425,28113.37,8.86,24 months,2020-03-21,35
116,237,10593.92,4.09,48 months,2021-08-16,22
117,375,9694.2,7.67,36 months,2024-03-24,25
118,305,33289.98,4.91,36 months,2023-11-06,39
119,243,23353.64,6.02,36 months,2022-06-02,39
120,194,38578.97,6.75,60 months,2020-11-19,35
121,423,14014.03,5.54,36 months,2020-08-14,25
122,230,23839.7,7.85,36 months,2024-01-20,20
123,447,8846.66,7.73,12 months,2020-02-24,43
124,493,41732.43,4.11,24 months,2023-10-18,44
125,159,42332.77,8.83,60 months,2024-03-24,24
126,45,14572.51,7.88,36 months,2020-12-02,21
127,257,32662.24,10.22,24 months,2021-05-29,10
128,162,4532.28,10.03,36 months,2021-12-15,37
129,288,5663.61,7.42,60 months,2022-12-13,43
130,301,26433.98,3.12,60 months,2021-07-01,48
131,344,33836.92,4.8,36 months,2020-09-28,7
132,325,49336.95,7.24,48 months,2021-04-06,47
133,187,8451.75,10.96,24 months,2024-03-25,16
134,207,49237.14,9.44,60 months,2021-02-10,8
135,391,27454.29,6.3,36 months,2021-12-11,5
136,413,41427.53,3.78,24 months,2022-03-02,44
137,69,20911.52,10.64,12 months,2023-01-17,17
138,258,44038.65,5.89,60 months,2024-06-04,48
139,82,21555.9,7.94,48 months,2023-04-29,2
140,259,1053.03,7.79,48 months,2021-09-26,4
141,373,16919.47,3.34,60 months,2022-04-11,38
142,440,12115.55,9.26,12 months,2024-04-04,46
143,479,6516.21,11.84,36 months,2021-07-10,41
144,318,16299.54,6.97,48 months,2024-09-03,40
145,386,6071.95,4.68,60 months,2020-03-31,16
146,452,21911.0,3.44,60 months,2024-06-30,37
147,69,20980.31,8.0,48 months,2021-02-13,33
148,110,11521.23,8.65,36 months,2023-07-28,50
149,347,38638.91,9.75,60 months,2024-07-15,10
150,413,10393.39,11.39,36 months,2020-12-24,31
151,130,44237.82,5.26,24 months,2020-05-28,16
152,397,23100.45,6.94,24 months,2023-09-11,16
153,65,3997.54,9.47,24 months,2019-11-06,25
154,9,25772.99,10.58,48 months,2022-04-17,36
155,300,17712.27,10.48,12 months,2021-09-25,46
156,38,25796.09,3.77,60 months,2024-07-14,45
157,69,17966.47,5.76,36 months,2023-03-20,47
158,212,30293.5,5.64,24 months,2024-05-24,11
159,45,41545.13,9.21,24 months,2020-01-18,48
160,251,39483.65,5.87,48 months,2022-09-14,33
161,439,3506.63,6.47,36 months,2020-02-12,43
162,155,3303.63,8.86,48 months,2022-04-07,35
163,382,30462.87,11.16,12 months,2021-10-04,43
164,257,17038.86,9.51,48 months,2020-06-09,32
165,203,34435.71,5.92,36 months,2022-04-13,16
166,477,42504.89,8.66,12 months,2024-02-26,2
167,308,19275.09,6.77,24 months,2021-01-04,10
168,83,32594.76,5.3,48 months,2021-12-16,50
169,249,35096.56,11.46,24 months,2021-12-11,33
170,129,15192.21,8.49,60 months,2020-04-21,22
171,357,7122.91,4.09,48 months,2020-07-19,44
172,445,25000.25,6.45,24 months,2022-01-31,5
173,470,5431.07,9.53,12 months,2020-04-19,12
174,188,45277.6,5.19,12 months,2024-02-13,27
175,51,42489.43,5.76,48 months,2021-01-29,46
176,40,45431.88,7.04,60 months,2021-05-29,44
177,375,31922.14,3.86,48 months,2023-12-29,3
178,69,1917.33,3.55,48 months,2019-10-27,46
179,385,18959.4,10.43,12 months,2022-01-18,26
180,104,43477.61,10.49,48 months,2024-02-14,16
181,184,11516.77,8.38,24 months,2021-04-16,21
182,213,19928.03,8.43,36 months,2023-02-22,8
183,71,34425.38,5.97,60 months,2022-02-04,15
184,470,31186.28,9.6,12 months,2021-06-10,41
185,195,41084.17,5.88,36 months,2022-03-20,40
186,300,16680.19,9.1,36 months,2021-07-22,4
187,125,48804.74,3.65,36 months,2023-06-09,14
188,191,7607.21,7.95,24 months,2020-06-18,29
189,409,10417.21,9.34,60 months,2021-07-17,34
190,460,48101.82,11.39,12 months,2022-09-14,12
191,56,3099.03,10.36,48 months,2022-02-10,24
192,416,43049.26,7.19,24 months,2020-01-01,27
193,267,33724.92,9.22,36 months,2021-01-29,42
194,400,8012.32,4.91,60 months,2020-05-18,1
195,47,11834.91,3.65,60 months,2024-09-16,10
196,434,35238.76,7.61,24 months,2021-10-15,13
197,186,22935.27,6.82,24 months,2023-09-11,36
198,298,24096.04,10.13,36 months,2024-03-01,30
199,10,25223.49,4.14,24 months,2019-12-05,50
200,473,29194.8,5.49,12 months,2022-05-17,41
201,498,20376.81,11.73,24 months,2023-12-04,16
202,304,38673.73,8.11,36 months,2022-03-03,37
203,182,44140.92,4.74,24 months,2021-04-06,1
204,183,36954.46,10.38,60 months,2021-02-12,12
205,475,42596.82,11.07,48 months,2019-12-25,10
206,202,29948.26,4.04,48 months,2020-06-01,19
207,106,49314.6,8.81,12 months,2021-03-05,14
208,330,7027.91,7.78,60 months,2020-01-11,29
209,498,23263.87,5.24,48 months,2023-09-30,34
210,5,30055.85,4.73,36 months,2022-08-15,1
211,163,7262.85,7.58,24 months,2021-09-03,5
212,485,19103.94,11.1,60 months,2022-01-31,33
213,26,41280.07,7.36,12 months,2024-06-27,37
214,324,27187.29,10.51,60 months,2020-09-23,33
215,81,48644.42,4.63,60 months,2022-08-04,24
216,199,3363.59,7.18,48 months,2020-08-07,31
217,263,12821.91,8.37,24 months,2022-04-08,5
218,246,2221.46,5.23,48 months,2024-02-21,7
219,167,41419.35,4.09,48 months,2021-04-16,38
220,353,33374.55,3.52,48 months,2023-05-18,34
221,441,6008.2,7.48,24 months,2023-05-26,9
222,93,12605.01,7.99,36 months,2023-08-31,44
223,94,17680.05,7.99,24 months,2020-06-21,22
224,321,26700.57,7.82,48 months,2022-06-25,5
225,133,25088.28,7.03,36 months,2023-01-31,49
226,417,4589.74,3.75,36 months,2022-12-24,13
227,206,42634.18,5.11,12 months,2022-02-07,9
228,96,23221.4,6.3,48 months,2024-05-10,3
229,220,42643.38,10.57,48 months,2024-02-16,31
230,345,4696.39,3.29,36 months,2022-04-17,29
231,42,10618.13,11.21,24 months,2021-03-13,50
232,21,16003.13,5.34,48 months,2019-11-17,42
233,294,49876.37,3.95,24 months,2020-09-06,50
234,172,48575.44,9.71,24 months,2024-03-18,45
235,229,9896.52,11.42,24 months,2024-09-09,50
236,262,35511.12,8.49,36 months,2024-06-04,14
237,206,41223.07,8.09,60 months,2024-05-11,17
238,30,10193.56,6.96,12 months,2021-10-21,13
239,489,25015.6,9.82,12 months,2021-04-05,25
240,300,19560.0,11.63,60 months,2024-01-29,31
241,136,40031.74,8.1,60 months,2024-07-16,34
242,259,29003.67,4.78,60 months,2022-06-07,14
243,34,28337.2,4.79,12 months,2023-08-01,45
244,322,6525.64,4.15,24 months,2024-03-19,6
245,14,9264.17,10.42,36 months,2023-01-17,34
246,408,2018.1,4.57,24 months,2022-11-15,3
247,180,27898.29,11.22,36 months,2020-10-19,2
248,327,32782.17,8.88,12 months,2024-10-07,13
249,289,25502.94,5.46,60 months,2020-11-26,44
250,54,43610.23,6.22,48 months,2019-12-14,29
251,435,27680.45,10.37,12 months,2021-04-08,38
252,452,12357.92,7.21,60 months,2020-11-05,25
253,456,23719.47,4.98,24 months,2024-07-28,33
254,465,23809.05,10.17,12 months,2019-10-31,42
255,200,12607.57,7.27,48 months,2021-12-20,16
256,75,14612.63,4.73,60 months,2020-05-28,8
257,184,36543.92,3.88,60 months,2023-06-17,16
258,239,4274.76,4.78,60 months,2022-03-15,39
259,213,42741.79,3.16,12 months,2020-11-07,18
260,484,4958.6,10.17,48 months,2020-10-16,45
261,38,17533.68,7.56,60 months,2020-01-03,11
262,107,32098.8,7.95,60 months,2024-09-07,28
263,363,42098.56,4.21,48 months,2022-07-02,8
264,153,26547.96,7.99,12 months,2020-01-25,24
265,219,1531.61,8.34,60 months,2020-01-25,14
266,157,17741.62,11.9,48 months,2023-09-19,5
267,91,34458.85,3.41,36 months,2020-04-24,39
268,433,17875.11,5.23,24 months,2020-02-06,25
269,28,13873.65,3.8,36 months,2023-10-30,34
270,483,40902.57,11.87,48 months,2020-08-08,9
271,197,24422.56,5.45,24 months,2022-02-05,33
272,260,37645.09,7.94,36 months,2022-03-02,18
273,59,43330.28,8.75,12 months,2023-08-06,46
274,469,19795.54,7.62,12 months,2022-02-10,42
275,447,25990.38,9.45,24 months,2020-02-22,4
276,165,20380.71,8.1,36 months,2019-12-29,46
277,495,30482.51,9.31,60 months,2022-07-20,25
278,361,13719.7,4.62,12 months,2022-11-29,35
279,398,17157.95,7.28,12 months,2020-01-31,49
280,319,35551.24,6.89,36 months,2021-07-26,32
281,328,19160.12,4.39,48 months,2022-06-08,2
282,81,14408.94,5.69,24 months,2024-07-13,44
283,175,13637.03,10.77,48 months,2021-12-18,18
284,34,44370.18,5.68,12 months,2022-05-31,10
285,91,7279.6,8.62,48 months,2020-06-17,28
286,371,24253.6,8.13,60 months,2024-01-02,50
287,207,40606.06,10.26,60 months,2022-09-13,26
288,277,35786.8,5.91,36 months,2023-07-13,8
289,293,8171.24,9.04,12 months,2024-04-29,31
290,429,1403.24,9.55,36 months,2022-06-03,37
291,332,38209.73,11.24,36 months,2022-09-13,45
292,187,21595.79,7.74,48 months,2024-05-27,19
293,461,23720.13,7.41,36 months,2023-12-30,8
294,269,49292.17,4.87,12 months,2024-02-11,17
295,51,42492.6,6.77,60 months,2023-02-01,41
296,456,33912.17,4.32,48 months,2023-10-20,35
297,176,31247.38,6.81,12 months,2021-07-25,21
298,90,31398.8,7.39,60 months,2023-09-23,23
299,477,32882.21,4.71,12 months,2019-11-29,11
300,169,10436.15,10.26,36 months,2021-07-31,5
301,282,35836.74,11.12,36 months,2021-05-14,4
302,456,38783.09,7.47,24 months,2022-10-31,20
303,221,31173.2,8.92,24 months,2022-10-30,26
304,203,27172.48,8.67,60 months,2020-04-11,48
305,144,14508.27,10.71,60 months,2022-06-01,46
306,200,35203.51,8.5,12 months,2023-01-11,11
307,16,41807.47,5.27,36 months,2022-07-13,49
308,52,41041.57,8.77,48 months,2020-08-02,25
309,126,19663.88,4.66,24 months,2021-05-25,8
310,103,42249.35,5.39,60 months,2020-04-04,31
311,371,9283.1,8.22,36 months,2020-04-13,28
312,295,32283.03,9.42,36 months,2021-12-20,34
313,42,5608.43,10.26,36 months,2020-08-31,38
314,395,37573.91,11.64,12 months,2020-03-16,11
315,93,32435.68,10.56,60 months,2021-04-09,29
316,382,37286.26,5.06,48 months,2023-02-05,45
317,396,9989.94,7.48,36 months,2021-12-13,30
318,289,9465.71,3.4,12 months,2022-06-10,25
319,483,6239.43,9.63,60 months,2023-05-08,6
320,359,28916.11,5.87,36 months,2022-01-05,14
321,206,1377.21,11.12,24 months,2021-04-10,49
322,458,30224.57,6.95,60 months,2024-08-02,23
323,493,32416.65,4.15,36 months,2020-08-11,40
324,228,22336.4,5.6,12 months,2021-02-13,23
325,270,17811.6,4.19,12 months,2021-01-22,16
326,163,19230.14,6.8,24 months,2024-05-02,26
327,103,20893.35,9.69,36 months,2024-02-26,25
328,229,34510.56,6.09,24 months,2024-05-29,9
329,235,22394.36,8.69,12 months,2022-07-14,14
330,334,12813.21,10.76,36 months,2022-11-20,14
331,323,26039.3,3.52,36 months,2020-01-02,1
332,322,21823.16,6.05,60 months,2019-11-15,36
333,456,19026.01,8.78,60 months,2023-12-18,29
334,442,32035.65,5.95,36 months,2020-08-23,10
335,242,15815.87,11.62,60 months,2020-12-26,39
336,10,48286.0,11.1,12 months,2023-09-20,5
337,341,11438.35,8.44,24 months,2020-04-25,45
338,472,3251.43,8.63,36 months,2023-01-27,40
339,40,45724.84,3.63,24 months,2022-10-22,3
340,440,37031.65,3.42,60 months,2024-07-09,45
341,70,3699.27,8.0,12 months,2021-07-01,22
342,138,39023.86,3.4,36 months,2021-05-14,39
343,219,45585.64,10.28,48 months,2024-05-19,27
344,418,9982.96,7.26,24 months,2020-06-03,28
345,376,40229.47,10.69,48 months,2020-04-19,18
346,498,8133.98,7.66,24 months,2021-12-20,37
347,396,30695.99,3.46,48 months,2023-12-14,42
348,384,16632.25,9.91,60 months,2024-03-17,28
349,500,24208.1,4.14,24 months,2021-07-29,40
350,304,7507.5,7.6,12 months,2023-03-13,29
351,179,22480.01,3.46,24 months,2023-04-29,23
352,471,30730.41,9.96,48 months,2020-11-13,34
353,182,19402.31,3.87,60 months,2020-07-11,21
354,299,13295.13,11.3,36 months,2023-03-20,8
355,188,34587.49,10.75,48 months,2024-01-14,12
356,305,46762.96,6.34,24 months,2021-02-05,35
357,413,30760.09,8.85,24 months,2024-05-06,14
358,411,12018.18,9.58,60 months,2022-04-28,8
359,316,28865.1,9.48,36 months,2020-01-23,22
360,56,4361.22,3.5,48 months,2021-12-23,36
361,167,33638.31,8.7,12 months,2024-07-28,14
362,448,7662.35,7.61,12 months,2023-07-26,11
363,76,33574.31,4.26,24 months,2023-01-30,50
364,316,5551.85,8.36,60 months,2024-06-19,47
365,458,40274.98,6.42,36 months,2022-11-07,1
366,382,17082.74,7.7,48 months,2021-08-09,8
367,286,24093.63,7.57,48 months,2021-02-19,9
368,411,11084.21,5.83,60 months,2021-07-16,17
369,392,5581.98,5.06,24 months,2020-09-21,12
370,321,47589.49,8.18,48 months,2022-06-08,38
371,191,25895.89,10.65,12 months,2024-04-08,45
372,29,4042.27,5.07,12 months,2024-08-03,41
373,204,30900.5,5.17,36 months,2023-10-09,19
374,267,13459.46,8.66,12 months,2024-01-11,44
375,122,43281.95,11.3,36 months,2024-06-07,29
376,23,40114.43,8.07,48 months,2024-09-02,38
377,440,6900.16,8.88,48 months,2021-11-03,24
378,422,25081.03,5.68,60 months,2022-12-27,29
379,306,47015.68,5.12,24 months,2023-04-09,24
380,198,38360.41,5.59,36 months,2023-09-14,11
381,115,46841.91,10.41,60 months,2022-01-22,30
382,259,13158.08,3.54,48 months,2023-08-31,43
383,129,39925.79,7.56,48 months,2024-04-03,49
384,422,42702.41,3.02,48 months,2021-01-16,9
385,47,1431.94,6.68,12 months,2023-05-28,29
386,486,19817.74,6.49,48 months,2020-07-03,4
387,78,21383.0,9.64,24 months,2024-05-27,11
388,403,5442.11,9.32,24 months,2022-05-31,41
389,219,19864.82,7.08,12 months,2023-12-29,47
390,400,10374.22,7.43,12 months,2023-04-07,11
391,324,4257.21,7.13,60 months,2020-03-26,12
392,416,25109.66,7.2,60 months,2020-08-14,36
393,390,13060.81,9.14,36 months,2021-10-12,50
394,331,45661.76,11.53,12 months,2023-02-18,6
395,41,40551.45,8.03,48 months,2023-12-13,3
396,436,3934.23,3.93,24 months,2022-11-08,25
397,23,10065.73,11.66,12 months,2021-02-06,15
398,315,25275.64,5.02,36 months,2020-06-18,26
399,117,20614.62,5.08,36 months,2022-02-06,3
400,37,23007.83,9.79,24 months,2024-01-14,14
401,136,24737.7,11.01,60 months,2023-03-24,2
402,453,38248.8,11.56,60 months,2020-05-24,31
403,241,33845.33,4.03,36 months,2021-06-10,26
404,112,43520.05,3.44,36 months,2020-09-20,23
405,79,36920.23,3.63,60 months,2021-08-26,17
406,23,13711.16,9.49,48 months,2022-04-04,49
407,118,20658.37,4.21,12 months,2022-02-02,13
408,463,22201.69,4.96,60 months,2020-08-29,22
409,294,6927.65,3.44,12 months,2024-05-10,39
410,436,11382.55,8.16,36 months,2023-02-05,9
411,66,46345.62,5.08,36 months,2024-01-15,8
412,227,18239.24,11.69,12 months,2023-03-22,3
413,76,32539.0,9.14,24 months,2024-07-30,34
414,233,21796.76,4.46,24 months,2020-01-13,20
415,284,8838.29,4.66,48 months,2022-08-06,11
416,324,39052.28,11.3,60 months,2024-03-13,12
417,408,14987.84,9.24,36 months,2022-09-14,49
418,315,19202.66,8.09,60 months,2022-12-21,23
419,417,43826.98,7.57,12 months,2022-02-02,3
420,145,30095.56,9.05,36 months,2020-03-26,46
421,448,14552.33,8.05,12 months,2022-06-10,43
422,246,10992.18,8.16,48 months,2022-03-08,9
423,70,19201.72,3.66,24 months,2023-10-23,43
424,263,31408.92,10.8,60 months,2022-03-31,39
425,313,26165.79,6.07,24 months,2022-06-17,40
426,5,41089.11,8.16,24 months,2020-12-08,8
427,419,45800.39,9.05,12 months,2021-11-21,34
428,216,39363.74,4.03,24 months,2021-04-01,12
429,95,17949.16,8.82,60 months,2023-04-14,44
430,204,24674.16,5.02,12 months,2019-12-26,31
431,158,14558.08,11.0,12 months,2021-12-16,18
432,80,29193.17,8.42,12 months,2020-05-06,3
433,371,37044.32,7.87,24 months,2023-03-30,34
434,75,49959.66,8.03,48 months,2020-01-25,10
435,228,47123.69,3.96,60 months,2022-04-25,27
436,320,7023.44,6.16,24 months,2023-12-30,31
437,488,10931.38,8.55,36 months,2024-08-26,44
438,122,25978.39,8.29,36 months,2019-10-16,9
439,449,39005.09,5.73,24 months,2022-01-08,27
440,110,21946.01,7.89,12 months,2021-05-27,49
441,481,42870.14,3.2,36 months,2022-08-14,41
442,440,35135.08,7.68,48 months,2020-05-14,25
443,360,8336.97,9.88,12 months,2021-11-09,22
444,255,44011.21,11.07,60 months,2023-09-28,32
445,91,18855.36,11.77,12 months,2019-12-05,2
446,373,29303.59,8.78,60 months,2020-05-01,23
447,57,33285.87,4.29,48 months,2020-11-17,2
448,359,46072.7,10.07,12 months,2024-07-04,16
449,430,4378.48,10.3,48 months,2020-05-28,45
450,314,31503.79,9.62,12 months,2021-02-18,14
451,89,32247.27,10.31,60 months,2024-05-08,37
452,491,37165.91,9.47,48 months,2020-09-18,15
453,88,18351.21,6.72,36 months,2024-09-24,11
454,469,48856.47,5.77,24 months,2023-02-24,42
455,31,14140.78,8.75,60 months,2021-05-06,48
456,213,40901.6,5.38,48 months,2020-11-11,2
457,14,35082.41,6.05,60 months,2024-08-01,16
458,260,47889.47,10.38,24 months,2023-01-07,9
459,187,40450.2,11.83,24 months,2022-06-02,13
460,494,33141.18,4.91,12 months,2023-06-25,22
461,57,37866.21,10.19,12 months,2020-04-09,2
462,166,6911.49,7.18,60 months,2024-06-19,36
463,377,11230.37,4.58,36 months,2023-11-30,24
464,179,27545.47,6.56,48 months,2023-05-22,38
465,163,16675.75,5.18,48 months,2023-10-06,24
466,469,33062.26,7.09,60 months,2021-06-28,1
467,429,27434.59,10.73,24 months,2022-09-16,37
468,229,36284.18,5.84,12 months,2022-07-16,18
469,86,43512.57,3.74,12 months,2022-07-29,6
470,469,27515.22,6.77,36 months,2023-12-27,36
471,278,33921.3,10.33,12 months,2020-06-28,28
472,427,11588.65,7.29,12 months,2020-01-18,38
473,19,11677.2,11.87,60 months,2021-10-02,27
474,209,12867.32,10.52,24 months,2024-02-15,19
475,438,10808.03,5.71,60 months,2020-11-23,22
476,157,6262.34,8.16,12 months,2022-03-30,12
477,372,20130.76,8.65,24 months,2020-06-26,29
478,488,49125.75,5.39,12 months,2022-04-14,27
479,336,36372.88,11.34,12 months,2021-03-07,45
480,375,21350.02,8.35,12 months,2019-11-12,8
481,272,37768.68,3.23,48 months,2024-04-30,3
482,168,18446.49,6.12,12 months,2022-04-21,22
483,46,49769.86,11.74,36 months,2020-06-22,26
484,268,16848.65,5.89,60 months,2024-07-24,24
485,365,6233.98,9.74,12 months,2023-10-18,19
486,418,11346.9,6.47,48 months,2024-03-20,44
487,322,6261.77,6.65,36 months,2021-03-13,30
488,223,4166.45,7.92,60 months,2022-12-10,21
489,35,18500.89,5.51,36 months,2022-11-26,39
490,324,10375.25,9.22,60 months,2022-08-21,6
491,290,22936.86,3.53,36 months,2023-08-01,4
492,212,43206.08,11.79,12 months,2023-01-27,1
493,347,12834.15,11.7,24 months,2021-10-26,7
494,28,18085.58,11.31,36 months,2023-08-05,10
495,186,27584.5,7.83,36 months,2023-01-30,18
496,424,20344.71,3.63,36 months,2021-05-05,19
497,329,15782.55,4.82,24 months,2021-03-23,15
498,219,6513.55,8.9,48 months,2020-03-08,35
499,444,23715.66,7.65,36 months,2020-07-26,42
500,334,13138.49,11.5,60 months,2023-03-04,13
501,73,24266.94,9.44,12 months,2022-08-09,9
502,463,6417.7,10.33,24 months,2024-02-12,49
503,82,49116.05,3.86,60 months,2024-01-12,8
504,342,25995.73,8.66,36 months,2023-06-24,47
505,328,30715.71,9.02,36 months,2022-12-13,26
506,345,29428.04,10.56,24 months,2024-07-14,10
507,13,45798.47,4.78,36 months,2023-09-24,9
508,140,37914.77,5.92,48 months,2021-05-04,17
509,180,18167.64,6.45,60 months,2021-01-25,3
510,262,37703.84,11.43,36 months,2020-02-20,30
511,308,32498.64,7.69,12 months,2020-10-18,44
512,21,9570.34,6.64,60 months,2023-05-09,22
513,23,11362.96,4.02,12 months,2022-04-11,4
514,71,9360.2,3.3,48 months,2023-10-11,7
515,443,14302.75,11.25,12 months,2024-02-05,29
516,35,36368.06,9.5,12 months,2023-02-22,5
517,182,45008.8,4.85,12 months,2022-11-22,2
518,448,11019.75,7.86,12 months,2023-03-13,25
519,116,38520.23,5.0,48 months,2024-08-02,23
520,7,6479.28,7.78,60 months,2020-03-29,40
521,115,14730.22,11.46,48 months,2022-11-10,8
522,108,32619.04,8.92,48 months,2023-04-10,27
523,303,16032.52,4.96,12 months,2024-02-28,17
524,265,32707.69,4.0,48 months,2022-10-03,39
525,216,21822.67,3.17,12 months,2021-10-08,6
526,143,30548.44,5.27,36 months,2020-12-25,42
527,217,20596.81,4.01,24 months,2020-02-06,20
528,454,47428.2,11.94,48 months,2020-11-17,10
529,449,15266.02,4.27,60 months,2024-06-15,44
530,173,48357.69,10.28,48 months,2021-05-20,49
531,145,23252.38,7.64,60 months,2023-04-22,19
532,27,7881.46,8.52,48 months,2024-06-17,7
533,102,16755.67,11.04,60 months,2021-06-29,48
534,387,7963.2,4.16,60 months,2023-01-24,1
535,212,34824.36,7.36,48 months,2024-06-22,1
536,87,42783.05,3.8,12 months,2023-10-01,18
537,14,45428.62,7.57,24 months,2023-03-12,49
538,385,47821.48,5.1,36 months,2020-04-01,12
539,324,7685.79,4.57,60 months,2020-09-26,19
540,309,4097.87,3.89,48 months,2023-01-25,44
541,158,13089.63,3.29,24 months,2020-04-14,49
542,53,17444.12,11.65,48 months,2022-05-19,10
543,29,35499.51,7.57,24 months,2022-03-29,20
544,228,22516.39,3.02,36 months,2020-06-20,48
545,78,5375.64,6.48,12 months,2022-11-18,20
546,220,15575.69,3.51,48 months,2023-01-27,26
547,350,44621.26,11.11,48 months,2023-11-16,1
548,150,8760.36,10.84,24 months,2022-07-29,9
549,126,41056.46,5.21,60 months,2021-10-16,3
550,382,29440.42,9.53,36 months,2019-10-23,43
551,151,11863.05,3.39,36 months,2022-11-08,34
552,250,27836.3,4.81,60 months,2023-12-13,45
553,247,49809.66,10.36,60 months,2024-09-15,32
554,174,29677.36,7.35,12 months,2023-04-06,3
555,98,36219.46,11.41,24 months,2022-11-17,15
556,335,45638.59,3.87,36 months,2024-05-17,23
557,131,9911.57,6.25,60 months,2024-01-19,39
558,36,7862.13,11.16,60 months,2021-11-23,16
559,287,9355.58,10.26,24 months,2021-10-28,41
560,243,27223.44,6.05,60 months,2020-09-20,4
561,110,8957.2,5.45,60 months,2020-12-22,27
562,315,1557.35,7.54,60 months,2023-10-04,10
563,374,34404.24,7.32,24 months,2021-07-23,44
564,98,2736.51,8.05,24 months,2024-09-13,21
565,25,31914.41,10.23,24 months,2022-01-18,3
566,231,2708.98,11.6,48 months,2021-01-11,25
567,32,22658.9,10.38,12 months,2022-05-12,26
568,25,2017.82,8.12,36 months,2024-02-06,43
569,71,17433.82,8.57,36 months,2020-04-15,16
570,334,49995.35,11.3,60 months,2021-02-22,29
571,75,23781.49,6.98,24 months,2021-08-16,48
572,10,44506.99,4.38,48 months,2021-07-30,4
573,28,2186.54,5.82,12 months,2019-11-16,49
574,61,14540.79,8.01,36 months,2024-10-06,42
575,324,42311.61,9.61,48 months,2020-12-21,30
576,40,39614.18,8.2,36 months,2022-03-12,35
577,169,8248.9,7.92,24 months,2021-08-31,46
578,386,33538.0,4.9,12 months,2020-05-04,6
579,426,40020.07,8.57,12 months,2022-12-28,10
580,185,23567.1,4.68,24 months,2022-08-06,42
581,253,39502.64,9.26,60 months,2020-09-08,45
582,180,33370.21,8.74,24 months,2019-10-29,38
583,67,11318.17,8.73,48 months,2020-02-05,16
584,56,20393.07,10.57,36 months,2023-08-07,25
585,206,5745.45,10.76,36 months,2020-09-17,23
586,272,46596.8,3.63,24 months,2023-09-16,24
587,134,44882.85,5.67,60 months,2020-08-04,26
588,32,36382.79,7.76,60 months,2020-01-26,31
589,351,23177.57,3.56,60 months,2021-09-23,16
590,96,46965.46,7.38,48 months,2022-07-19,40
591,193,23058.86,8.76,24 months,2023-05-18,46
592,282,29470.01,11.61,48 months,2019-12-15,46
593,364,10240.95,10.6,24 months,2023-02-23,44
594,326,48536.95,11.51,60 months,2021-07-01,7
595,53,2217.65,6.62,60 months,2023-10-10,32
596,317,46013.48,11.98,12 months,2023-02-22,32
597,164,26653.35,10.12,12 months,2023-08-24,23
598,146,30234.48,10.65,48 months,2020-07-31,35
599,173,8053.22,10.07,36 months,2023-09-04,6
600,74,12344.03,5.31,24 months,2021-10-13,9
601,97,35173.23,8.86,36 months,2020-06-02,34
602,308,42270.68,4.62,36 months,2023-12-23,25
603,239,7311.44,6.55,12 months,2023-06-02,9
604,59,21321.09,11.9,48 months,2021-10-09,19
605,61,19675.53,8.97,24 months,2021-08-17,36
606,195,26951.67,7.78,36 months,2022-10-12,18
607,47,37688.8,4.59,24 months,2023-11-28,25
608,61,7957.98,10.36,48 months,2022-09-08,22
609,48,13007.17,7.57,48 months,2024-05-19,15
610,163,21455.64,8.05,24 months,2023-05-30,25
611,111,3615.66,4.7,24 months,2021-09-09,38
612,308,2034.25,11.14,24 months,2023-01-11,35
613,71,25786.79,8.6,36 months,2022-01-17,38
614,74,27790.93,5.58,24 months,2023-02-03,35
615,335,15299.41,11.62,12 months,2022-12-22,18
616,318,42346.42,11.08,24 months,2024-08-19,5
617,70,47892.55,3.01,36 months,2023-03-14,35
618,278,37317.7,7.87,24 months,2022-03-02,7
619,346,46634.03,5.86,60 months,2020-07-14,31
620,69,4316.12,11.91,60 months,2023-11-21,12
621,165,25719.75,5.01,36 months,2020-02-14,40
622,304,36937.86,4.07,36 months,2022-11-12,35
623,75,23785.97,11.63,48 months,2022-04-17,40
624,102,44336.81,10.92,48 months,2024-01-03,14
625,393,4906.09,9.29,12 months,2021-04-24,41
626,39,27934.72,4.15,48 months,2022-04-21,47
627,365,14327.47,6.16,12 months,2022-12-01,47
628,65,37704.42,6.66,48 months,2024-04-03,18
629,292,34728.09,10.67,12 months,2021-10-21,20
630,154,6889.35,3.12,48 months,2022-09-06,33
631,149,43695.09,11.01,12 months,2021-09-21,18
632,92,21669.49,10.88,12 months,2023-04-07,3
633,96,25587.23,11.66,12 months,2021-05-06,50
634,44,21645.11,4.34,36 months,2022-01-01,42
635,16,3898.39,9.45,24 months,2023-11-19,6
636,161,28538.04,3.53,24 months,2023-01-21,23
637,150,19881.0,4.22,48 months,2024-07-22,16
638,90,15625.39,7.5,12 months,2024-06-08,6
639,469,34960.51,4.92,60 months,2024-02-22,20
640,25,21999.87,6.65,48 months,2019-11-26,31
641,209,36767.8,6.5,24 months,2020-11-05,5
642,429,44134.66,11.92,48 months,2023-01-29,2
643,230,25831.07,11.2,48 months,2024-05-06,45
644,163,8494.97,7.0,12 months,2020-09-04,21
645,319,8128.49,7.9,48 months,2021-05-10,2
646,274,38572.01,6.41,60 months,2024-03-02,9
647,249,48909.66,7.56,12 months,2023-01-10,35
648,386,36145.79,10.94,36 months,2020-10-03,39
649,185,47813.64,10.24,24 months,2024-08-04,37
650,480,25014.29,7.97,48 months,2022-10-16,49
651,491,42159.31,4.96,48 months,2020-03-13,49
652,143,4392.67,7.24,12 months,2020-10-10,27
653,144,17322.07,6.48,36 months,2020-02-16,1
654,156,1204.4,6.0,12 months,2024-03-22,3
655,83,21480.72,7.0,60 months,2023-04-12,26
656,461,9005.27,5.62,24 months,2023-07-04,2
657,404,33807.8,3.31,36 months,2020-11-27,12
658,455,31020.82,6.11,24 months,2020-09-20,12
659,270,7542.64,7.27,36 months,2021-12-24,47
660,199,39429.74,8.35,24 months,2022-03-14,32
661,444,12188.72,9.64,36 months,2021-10-08,42
662,270,16256.87,6.5,36 months,2024-01-15,5
663,55,39660.96,7.9,24 months,2024-04-17,11
664,420,22029.17,10.0,60 months,2021-12-07,47
665,420,26773.34,5.97,48 months,2021-08-31,36
666,64,28263.5,10.2,24 months,2023-12-24,8
667,465,31240.02,7.28,60 months,2022-07-18,7
668,266,46561.21,8.6,48 months,2019-10-14,12
669,439,5700.35,3.21,12 months,2022-09-27,43
670,337,29487.76,3.02,48 months,2022-03-02,12
671,348,32530.92,7.63,24 months,2021-08-08,21
672,7,25135.72,8.25,48 months,2021-09-05,1
673,211,38182.68,7.07,48 months,2020-04-23,16
674,321,8254.88,10.14,48 months,2023-06-28,41
675,91,10149.25,8.65,24 months,2020-06-02,29
676,355,11299.42,4.48,60 months,2023-01-18,20
677,467,34499.77,5.22,60 months,2020-10-29,43
678,245,16449.57,6.11,60 months,2020-12-13,30
679,229,24448.96,9.35,24 months,2024-10-07,33
680,320,47332.44,6.18,60 months,2024-04-16,42
681,59,30142.73,4.25,12 months,2021-03-12,39
682,147,36874.32,9.4,24 months,2020-01-23,5
683,376,8948.98,8.58,24 months,2023-08-05,30
684,93,48000.66,11.05,48 months,2021-04-15,44
685,141,47293.39,7.83,60 months,2022-10-04,20
686,262,45414.99,4.17,12 months,2021-12-16,42
687,441,7925.85,7.92,48 months,2023-05-09,26
688,484,32760.89,6.1,36 months,2021-06-30,44
689,230,32306.36,7.72,48 months,2023-11-08,18
690,24,41584.04,4.94,24 months,2020-11-10,1
691,96,3356.09,10.65,48 months,2020-09-30,14
692,107,24186.49,8.27,48 months,2022-10-06,10
693,123,5848.6,10.55,24 months,2020-08-02,16
694,74,4470.99,3.22,60 months,2024-09-14,44
695,185,38609.41,6.18,60 months,2019-11-22,29
696,253,43945.25,4.52,24 months,2023-08-09,34
697,85,18953.53,8.37,24 months,2024-06-15,40
698,18,27704.92,4.63,60 months,2022-03-31,1
699,222,45269.27,5.86,12 months,2022-12-30,31
700,261,27724.94,3.26,60 months,2020-07-21,24
701,48,38372.8,3.88,60 months,2022-11-11,34
702,314,37985.58,8.93,48 months,2020-07-30,27
703,471,13008.74,6.71,12 months,2022-07-05,3
704,269,38603.13,4.94,36 months,2020-04-17,19
705,161,3875.15,8.74,12 months,2024-01-21,13
706,361,33570.05,10.81,60 months,2022-07-26,26
707,60,23739.78,6.87,24 months,2022-01-20,33
708,291,48387.51,10.14,36 months,2021-07-28,10
709,352,42244.19,8.59,48 months,2023-04-05,42
710,162,15951.24,5.59,12 months,2022-12-23,1
711,283,6867.21,11.61,48 months,2021-09-28,46
712,495,17460.87,9.33,24 months,2024-08-06,33
713,418,5153.88,10.11,48 months,2022-01-14,1
714,438,36897.97,6.06,24 months,2020-01-08,26
715,369,26193.83,5.92,36 months,2024-03-14,7
716,159,41128.57,11.34,60 months,2022-11-08,43
717,396,40038.8,3.63,60 months,2024-07-24,49
718,59,45560.19,11.8,36 months,2021-11-13,47
719,394,28518.7,7.89,24 months,2023-08-26,31
720,431,13838.74,3.43,36 months,2021-04-23,1
721,136,18473.95,6.61,60 months,2023-11-24,40
722,120,11319.0,3.15,36 months,2019-10-25,19
723,54,19923.4,8.2,12 months,2023-12-27,42
724,333,27852.64,11.84,60 months,2024-05-22,33
725,35,3262.23,10.88,12 months,2024-04-15,20
726,165,21338.06,3.59,48 months,2023-01-01,40
727,247,14168.68,4.4,48 months,2024-02-02,16
728,499,35882.61,7.46,24 months,2022-12-10,49
729,429,30694.97,6.94,36 months,2020-06-03,11
730,412,44247.95,6.18,60 months,2024-09-05,5
731,55,40644.48,5.67,12 months,2019-12-28,2
732,364,22809.54,9.92,60 months,2021-02-11,19
733,18,17657.4,10.69,24 months,2021-10-08,23
734,375,46337.66,5.3,24 months,2023-10-26,30
735,291,43730.18,9.37,60 months,2020-02-06,4
736,186,2513.22,5.13,48 months,2020-04-18,26
737,263,40240.9,6.39,60 months,2021-07-22,33
738,259,3785.26,9.94,24 months,2020-06-05,49
739,35,41288.96,4.78,60 months,2023-12-03,40
740,453,19807.04,9.21,36 months,2020-06-14,36
741,91,1412.03,8.38,12 months,2023-06-20,2
742,104,29453.75,11.47,12 months,2021-11-28,26
743,123,12800.69,5.63,24 months,2022-08-23,5
744,207,32324.53,5.88,60 months,2023-06-27,45
745,375,20014.08,11.29,48 months,2021-10-09,44
746,47,15938.3,9.7,36 months,2022-07-02,49
747,492,4642.14,3.85,24 months,2023-08-13,21
748,245,25028.66,9.17,12 months,2020-10-12,12
749,41,27155.57,9.6,24 months,2023-07-23,49
750,20,46984.86,9.06,12 months,2023-09-12,28
751,219,16456.65,9.26,12 months,2023-04-25,7
752,325,10785.33,9.8,48 months,2024-07-30,1
753,460,38103.14,3.06,24 months,2022-07-22,20
754,322,20083.97,9.0,60 months,2023-02-22,19
755,384,15731.43,3.48,36 months,2023-03-13,9
756,193,40330.72,4.6,24 months,2020-10-21,2
757,483,3256.6,4.67,60 months,2021-07-26,23
758,301,23838.4,8.16,12 months,2023-11-06,43
759,24,22410.77,7.56,48 months,2024-06-14,7
760,404,24856.85,6.76,36 months,2022-03-03,33
761,259,32785.82,3.9,36 months,2020-12-16,35
762,253,14329.96,4.9,24 months,2022-11-07,21
763,298,15453.41,6.76,12 months,2020-09-08,20
764,230,22882.02,6.71,36 months,2020-01-14,35
765,89,12988.38,7.92,24 months,2024-05-26,34
766,239,19765.74,6.24,60 months,2024-03-02,40
767,276,27611.06,11.05,24 months,2021-05-16,9
768,389,26878.77,5.37,24 months,2022-02-21,47
769,345,40038.85,11.71,24 months,2021-06-17,27
770,353,27365.73,5.24,60 months,2022-05-07,4
771,106,46343.07,9.42,48 months,2023-08-28,32
772,294,2970.17,4.03,36 months,2020-05-02,5
773,35,46891.87,3.69,12 months,2022-03-19,44
774,438,13917.56,11.62,48 months,2021-10-08,47
775,263,32297.27,7.22,60 months,2022-02-18,2
776,421,39207.59,8.65,24 months,2023-05-23,39
777,116,18711.38,9.9,24 months,2020-01-16,30
778,1,25851.62,7.35,60 months,2024-01-05,38
779,454,44731.3,8.6,12 months,2022-08-08,32
780,273,19811.29,6.01,24 months,2023-09-10,30
781,458,27089.6,8.19,12 months,2019-11-26,35
782,81,25652.23,10.52,24 months,2023-01-20,29
783,394,25091.11,4.34,60 months,2021-09-30,38
784,383,46639.55,7.88,48 months,2021-09-05,36
785,239,27031.06,11.66,24 months,2023-06-10,23
786,240,6863.15,9.82,36 months,2023-04-12,10
787,309,13690.72,5.57,60 months,2023-11-09,34
788,125,23523.87,9.54,60 months,2021-01-11,14
789,238,48176.24,5.67,60 months,2023-10-20,31
790,169,10887.45,6.0,60 months,2022-01-06,17
791,348,9539.04,9.37,24 months,2021-06-11,44
792,311,4730.72,6.35,60 months,2021-01-22,44
793,469,46466.99,7.21,24 months,2019-12-16,9
794,464,16436.19,6.94,12 months,2024-05-01,26
795,200,10640.71,11.81,48 months,2024-04-23,22
796,349,49151.42,8.98,48 months,2023-05-14,10
797,468,26824.79,10.55,48 months,2021-04-09,7
798,152,25255.72,3.51,12 months,2021-02-03,8
799,392,26129.39,9.75,60 months,2022-03-17,6
800,32,9513.84,11.96,36 months,2021-10-22,44
801,191,46369.3,3.48,48 months,2021-10-29,36
802,189,9482.56,6.54,24 months,2020-03-17,16
803,118,6939.06,3.35,48 months,2020-04-13,37
804,328,16526.31,11.02,60 months,2021-07-10,37
805,179,39871.24,11.93,24 months,2024-07-18,24
806,439,11129.7,11.4,60 months,2023-10-16,12
807,451,16405.4,4.44,60 months,2019-11-27,3
808,276,13978.08,8.88,60 months,2019-12-30,48
809,416,24371.22,9.64,60 months,2023-07-26,6
810,324,2445.47,4.19,12 months,2023-04-14,13
811,220,8559.93,9.74,60 months,2022-03-19,13
812,385,17053.46,6.46,60 months,2022-06-10,45
813,359,16837.03,9.88,48 months,2019-10-28,12
814,161,24969.83,8.04,24 months,2024-08-31,30
815,91,8008.29,11.22,60 months,2022-12-06,4
816,361,40741.32,4.62,60 months,2021-06-21,7
817,225,30360.45,4.91,60 months,2020-04-05,28
818,20,47273.77,7.14,24 months,2020-08-23,18
819,14,31257.39,8.05,60 months,2021-04-24,36
820,177,4008.18,7.11,60 months,2020-09-11,21
821,310,19907.72,3.54,12 months,2021-02-17,38
822,177,16886.55,4.11,24 months,2021-03-30,9
823,68,43262.95,10.92,36 months,2020-04-05,34
824,197,39428.15,9.22,24 months,2023-12-13,8
825,345,8184.26,4.29,60 months,2023-08-27,27
826,171,20391.62,9.86,24 months,2022-03-16,19
827,92,43124.15,7.22,24 months,2022-10-09,48
828,52,18455.69,9.4,48 months,2023-08-17,28
829,107,7687.53,11.57,24 months,2023-08-21,30
830,183,14921.74,9.0,60 months,2020-05-08,21
831,372,27881.59,8.36,60 months,2023-01-18,14
832,373,4506.04,8.57,24 months,2019-12-09,12
833,337,19522.81,5.6,36 months,2021-09-24,29
834,181,13007.68,8.59,60 months,2023-03-11,2
835,234,32195.44,11.63,36 months,2023-07-19,22
836,45,33146.9,6.41,12 months,2023-11-09,3
837,32,34203.34,8.03,60 months,2022-01-04,14
838,78,16038.57,3.93,36 months,2019-11-11,4
839,425,48385.06,5.28,12 months,2024-02-11,44
840,274,37371.99,8.34,12 months,2021-03-08,43
841,370,23300.65,7.69,24 months,2022-11-23,19
842,471,24975.51,5.62,48 months,2021-12-28,24
843,281,8679.16,7.29,12 months,2020-01-30,27
844,8,32815.03,6.54,48 months,2021-09-12,22
845,318,1622.18,11.64,12 months,2020-06-19,15
846,236,35583.26,3.01,36 months,2023-04-15,34
847,399,38524.58,3.35,36 months,2022-02-12,12
848,65,13291.82,8.68,12 months,2020-11-16,29
849,13,4242.1,7.59,24 months,2022-08-26,7
850,110,40166.48,6.41,36 months,2024-05-18,2
851,154,46181.38,6.23,36 months,2023-09-28,6
852,15,8022.09,9.33,60 months,2023-08-29,20
853,426,41109.49,8.25,12 months,2020-05-24,36
854,148,7426.68,7.41,36 months,2020-04-01,36
855,415,31918.85,4.45,48 months,2021-02-12,5
856,143,42824.62,4.45,60 months,2021-09-25,11
857,317,30432.86,7.76,48 months,2022-07-15,7
858,350,28425.15,9.88,60 months,2023-04-18,25
859,363,32694.99,5.74,24 months,2023-06-01,21
860,457,38612.43,5.21,60 months,2021-07-15,22
861,141,41329.69,11.02,60 months,2020-02-05,6
862,338,35397.54,5.27,12 months,2023-12-04,40
863,54,15859.74,9.09,48 months,2020-06-17,47
864,230,18392.11,8.8,12 months,2024-06-14,16
865,352,5570.98,9.02,36 months,2024-08-18,48
866,201,37500.22,6.29,48 months,2022-04-29,23
867,72,6624.74,3.85,24 months,2024-08-31,12
868,365,19271.47,7.4,12 months,2021-01-27,10
869,36,30622.56,11.34,12 months,2024-01-08,38
870,316,41298.43,7.21,36 months,2022-07-11,50
871,363,37083.71,8.18,48 months,2021-05-02,17
872,436,49863.07,8.19,24 months,2023-10-13,41
873,208,36607.52,7.39,24 months,2020-09-28,46
874,253,8278.48,6.76,36 months,2023-12-14,28
875,109,44960.06,6.79,24 months,2023-12-02,6
876,384,26010.79,8.12,12 months,2024-09-18,35
877,445,1565.86,6.53,60 months,2020-01-29,14
878,136,25103.35,6.65,24 months,2022-02-03,38
879,423,36317.88,8.26,36 months,2020-10-10,41
880,460,36774.65,6.39,48 months,2022-08-12,25
881,98,25094.95,7.96,12 months,2024-05-21,35
882,185,23960.43,6.02,12 months,2022-07-11,39
883,93,48743.21,5.54,24 months,2024-08-02,20
884,177,29737.3,9.68,48 months,2020-07-03,34
885,9,35852.66,5.55,60 months,2024-06-25,21
886,39,29824.92,4.41,60 months,2024-06-05,5
887,340,37307.42,3.6,60 months,2020-01-31,12
888,405,11102.58,4.05,60 months,2022-03-13,25
889,78,27357.78,11.18,48 months,2022-03-25,50
890,204,24981.29,3.15,24 months,2023-12-16,3
891,300,19749.43,11.38,36 months,2021-10-16,33
892,244,31183.01,6.5,60 months,2024-07-26,44
893,205,32021.34,7.75,24 months,2023-07-28,42
894,364,4822.53,6.57,48 months,2021-06-22,10
895,333,46777.41,8.69,24 months,2022-01-23,20
896,22,36258.38,8.45,60 months,2020-05-10,13
897,475,38789.97,11.9,48 months,2021-06-10,42
898,390,6910.12,5.07,24 months,2021-11-26,22
899,238,3705.8,11.36,12 months,2023-04-09,7
900,223,5917.16,10.81,60 months,2022-02-20,38
901,82,4090.19,8.4,36 months,2024-03-07,4
902,276,19959.23,3.52,36 months,2022-06-08,3
903,266,4636.49,9.15,48 months,2019-12-28,49
904,414,6331.94,10.76,60 months,2020-09-12,47
905,170,20945.02,5.66,60 months,2022-10-14,50
906,60,13279.0,4.76,48 months,2020-05-25,43
907,117,10345.22,4.56,36 months,2021-11-15,21
908,175,12911.95,6.16,36 months,2020-01-23,37
909,36,4661.2,3.04,48 months,2021-12-07,40
910,40,11373.42,7.06,24 months,2021-11-25,8
911,215,24057.01,3.38,24 months,2020-01-22,13
912,86,24472.76,11.23,24 months,2021-05-31,50
913,428,47318.79,11.87,12 months,2024-03-21,29
914,39,13573.35,7.27,24 months,2023-06-30,9
915,349,45488.26,11.1,12 months,2021-08-13,11
916,378,43899.64,7.28,60 months,2021-12-30,42
917,219,3855.29,4.93,60 months,2021-01-20,48
918,366,21862.53,10.62,48 months,2021-07-15,28
919,8,5929.9,10.34,60 months,2022-05-16,20
920,186,25251.25,7.49,48 months,2023-07-10,13
921,409,26483.35,9.71,48 months,2023-07-19,14
922,149,41197.34,5.72,12 months,2024-05-13,18
923,378,27901.86,8.07,36 months,2022-06-26,2
924,398,40694.76,8.93,24 months,2024-04-04,30
925,68,1969.75,5.05,48 months,2024-01-08,34
926,469,12540.93,11.81,12 months,2021-12-03,45
927,37,38876.75,3.82,36 months,2020-03-14,6
928,69,4193.04,7.63,60 months,2024-03-22,34
929,412,39585.57,9.78,60 months,2020-10-11,37
930,226,34375.18,7.99,36 months,2021-09-27,26
931,496,8801.26,6.92,12 months,2024-06-04,8
932,157,33685.2,3.31,12 months,2024-06-13,2
933,63,36523.02,5.36,36 months,2024-07-04,5
934,312,41392.83,7.61,60 months,2021-05-13,18
935,21,44232.77,10.9,60 months,2024-02-22,33
936,444,41402.9,10.84,60 months,2024-05-12,48
937,439,47975.83,5.64,24 months,2024-03-14,45
938,125,32794.2,6.0,36 months,2020-05-24,26
939,497,45045.25,5.11,60 months,2022-03-25,8
940,246,46802.62,10.27,24 months,2020-10-24,31
941,336,13659.52,6.21,48 months,2021-02-17,26
942,274,18558.52,11.82,48 months,2021-07-02,18
943,347,40052.44,5.89,60 months,2022-08-13,49
944,175,44834.21,7.93,12 months,2024-07-10,48
945,38,48730.02,11.71,24 months,2023-05-31,2
946,185,41901.09,10.33,48 months,2024-04-16,24
947,456,26466.68,9.66,48 months,2019-12-27,14
948,192,33140.63,4.13,60 months,2024-07-14,49
949,148,6001.61,10.96,48 months,2024-09-26,26
950,165,1866.24,7.63,48 months,2021-11-28,45
951,6,28328.32,5.63,36 months,2023-06-04,10
952,93,20846.34,11.93,24 months,2020-04-04,40
953,475,32453.78,5.4,36 months,2023-06-23,13
954,275,27189.38,4.44,60 months,2021-09-23,30
955,207,11846.42,11.3,48 months,2023-11-11,3
956,239,46560.64,4.12,60 months,2023-02-17,47
957,287,3879.06,5.06,60 months,2022-06-05,50
958,500,11903.1,8.9,48 months,2022-08-24,25
959,374,29744.75,7.51,36 months,2022-07-02,4
960,6,47229.86,10.56,60 months,2024-01-27,23
961,35,37132.23,8.74,48 months,2022-02-26,19
962,245,11396.01,11.96,36 months,2019-11-25,35
963,357,23566.54,7.42,48 months,2020-06-06,32
964,441,36196.54,6.17,48 months,2022-09-17,21
965,299,21972.48,3.8,24 months,2020-11-20,2
966,243,37769.66,8.62,48 months,2024-08-31,13
967,156,5987.83,3.11,24 months,2019-12-25,19
968,392,16359.9,8.56,60 months,2020-10-07,47
969,325,34772.16,10.43,24 months,2022-12-02,18
970,188,29930.24,11.34,48 months,2021-06-24,5
971,267,1467.23,11.82,48 months,2023-09-10,48
972,500,13772.73,3.27,48 months,2020-06-18,20
973,369,46940.41,10.42,48 months,2023-01-14,40
974,98,27269.76,3.1,60 months,2020-10-28,31
975,73,46086.25,11.61,12 months,2023-11-02,10
976,375,8685.52,9.89,48 months,2019-12-15,40
977,465,41153.54,11.2,12 months,2021-04-11,29
978,64,13265.73,5.83,12 months,2022-01-27,13
979,412,39210.95,10.69,60 months,2020-06-24,37
980,184,9402.06,11.51,60 months,2020-09-01,38
981,169,9839.64,10.95,48 months,2023-02-12,25
982,284,8631.19,11.45,60 months,2022-12-24,15
983,33,17576.81,3.22,48 months,2022-03-11,16
984,352,19595.22,4.54,48 months,2023-09-27,33
985,352,1979.52,8.55,48 months,2024-09-22,37
986,272,17377.09,4.5,48 months,2023-10-31,32
987,328,40583.61,9.99,48 months,2022-09-06,15
988,389,42438.63,6.21,60 months,2021-01-11,48
989,434,31902.85,11.2,60 months,2019-12-28,2
990,256,27348.34,6.08,12 months,2022-12-30,46
991,134,18338.39,8.43,48 months,2019-11-24,11
992,47,14082.81,6.14,36 months,2024-02-10,2
993,416,32783.86,11.02,12 months,2021-07-07,19
994,53,7240.21,6.55,60 months,2020-05-08,16
995,474,24990.92,6.79,36 months,2024-06-24,28
996,223,3283.38,5.34,48 months,2024-04-20,22
997,426,36788.38,6.24,60 months,2020-09-26,43
998,148,46452.34,11.28,24 months,2021-02-21,9
999,109,43909.25,11.47,48 months,2023-09-21,14
1000,234,26449.04,8.38,36 months,2020-03-28,7
